product_name,asin,title,price
seaweed packs,B07ZTVCDQT,N/A,$27.95
seaweed packs,B0D86PV6WG,N/A,$20.39
seaweed packs,B07QL6W479,N/A,$14.99
seaweed packs,B09VYQ1TCF,N/A,$4.49
seaweed packs,B0DM261FKW,N/A,$18.99
seaweed packs,B08L4R8PDW,N/A,$8.79
seaweed packs,B079Z2Y58K,N/A,$50.00
seaweed packs,B0BQ2RMQZF,N/A,$19.24
seaweed packs,B07QL6W479,N/A,$14.99
seaweed packs,B0815VY3RW,N/A,$19.90
nongshim tonkotsu cup noodles,B0939MRXDV,N/A,$11.98
nongshim tonkotsu cup noodles,B0CDR86NDY,N/A,$23.45
nongshim tonkotsu cup noodles,B017IRZLWY,N/A,$8.52
nongshim tonkotsu cup noodles,B0CNHTG3RB,N/A,$26.34
nongshim tonkotsu cup noodles,B079T2XXBM,N/A,$16.08
nongshim tonkotsu cup noodles,B0CS2PM6Q3,N/A,$16.99
nongshim tonkotsu cup noodles,B08BW7Z3NN,N/A,$20.99
nongshim tonkotsu cup noodles,B0CSJSV5RB,N/A,$11.98
nongshim tonkotsu cup noodles,B00BEIKRBY,N/A,$12.48
nongshim tonkotsu cup noodles,B0DMMK38QL,N/A,$35.70
wang wang snowflake biscuit,B00XJO2Z9S,N/A,$12.49
wang wang snowflake biscuit,B0F5YV3KQC,N/A,$29.99
ritz peanut butter,B00R7BUI3Y,N/A,$15.87
ritz peanut butter,B08TRDRKZP,N/A,$9.86
ritz peanut butter,B00J6DD70W,N/A,$18.95
ritz peanut butter,B0CJ1Z9VCB,N/A,$7.98
ritz peanut butter,B07K137J7J,N/A,$22.68
ritz peanut butter,B0075OLAAI,N/A,$6.99
ritz peanut butter,B015DVPX8O,N/A,$7.64
ritz peanut butter,B001PBN5R8,N/A,$12.34
ritz peanut butter,B00PJCYOWE,N/A,$6.66
ritz peanut butter,B082N7TPQP,N/A,$5.98
sakura mochi candy,B09RZZ4VZX,N/A,$19.25
sakura mochi candy,B09RZZ4VZX,N/A,$19.25
sakura mochi candy,B0F3S168D2,N/A,$11.99
sakura mochi candy,B0F6ZX3RVM,N/A,$7.99
sakura mochi candy,B0DN92D13W,N/A,$8.30
sakura mochi candy,B0CJWW8ZJL,N/A,$11.97
sakura mochi candy,B0BJZH1HST,N/A,$18.25
sakura mochi candy,B0F7XXZF7T,N/A,$17.99
sakura mochi candy,B0CGTTQ7QQ,N/A,$6.77
sakura mochi candy,B0DK1RDT61,N/A,$17.99
bumble bee chicken salad cracker,B019YHSTCA,N/A,$21.99
bumble bee chicken salad cracker,B0D81MB256,N/A,$21.96
bumble bee chicken salad cracker,B019YHSPCY,N/A,$21.36
bumble bee chicken salad cracker,B00CQ77XB4,N/A,$13.62
bumble bee chicken salad cracker,B008BUYILS,N/A,$38.99
bumble bee chicken salad cracker,B01N2RW7WC,N/A,$16.99
bumble bee chicken salad cracker,B018HTAJJC,N/A,$12.75
bumble bee chicken salad cracker,B0FBY6X8G6,N/A,$4.24
bumble bee chicken salad cracker,B07C9JMLWL,N/A,$13.82
bumble bee chicken salad cracker,B07BZ4KQ1T,N/A,$14.88
bumble bee tuna salad cracker,B0F85VK49N,N/A,$1.39
bumble bee tuna salad cracker,B0FBXB66DT,N/A,$22.24
bumble bee tuna salad cracker,B00CQ77XB4,N/A,$13.62
bumble bee tuna salad cracker,B008OTG576,N/A,$3.29
bumble bee tuna salad cracker,B015KFDVGO,N/A,$9.10
bumble bee tuna salad cracker,B000HDGCX4,N/A,$16.92
bumble bee tuna salad cracker,B07C9JMLWL,N/A,$13.82
bumble bee tuna salad cracker,B0FBY6X8G6,N/A,$4.24
bumble bee tuna salad cracker,B0FBXB66DT,N/A,$22.24
bumble bee tuna salad cracker,B019YHSPCY,N/A,$21.36
corn nuts,B0D4GDWMMW,N/A,$32.99
corn nuts,B0DJ3CCKN1,N/A,$14.99
corn nuts,B0DXN3YM6C,N/A,$24.99
corn nuts,B08586HWFP,N/A,$12.98
corn nuts,B00UJIVYN0,N/A,$23.76
corn nuts,B000ED6HVY,N/A,$11.49
corn nuts,B071S2Z42C,N/A,$10.39
corn nuts,B0DXN3YM6C,N/A,$24.99
corn nuts,B0CC3SRSKF,N/A,$14.99
corn nuts,B0CLF35Q2N,N/A,$34.99
yoghurt raisins,B01N4LOIYB,N/A,$35.99
yoghurt raisins,B07TWRSHSM,N/A,$17.06
yoghurt raisins,B0F419XPPX,N/A,$8.96
yoghurt raisins,B00UUC8CB2,N/A,$24.89
yoghurt raisins,B0D9YYBGNG,N/A,$15.00
yoghurt raisins,B0DW6N7MX7,N/A,$3.57
yoghurt raisins,B075KVML8Q,N/A,$9.25
yoghurt raisins,B0DTVMVGVD,N/A,$19.99
yoghurt raisins,B08XYD4SFW,N/A,$30.62
yoghurt raisins,B00A3NC8YK,N/A,$3.38
milano cookies,B00CXAEDH6,N/A,$10.99
milano cookies,B07Q8BRJFT,N/A,$7.97
milano cookies,B0DD5MQ9LT,N/A,$4.52
milano cookies,B0FDYJWM7Q,N/A,$5.67
milano cookies,B079M8YRBL,N/A,$11.91
milano cookies,B0FBZ792BN,N/A,$9.04
milano cookies,B07HHJ89L3,N/A,$23.90
milano cookies,B0DZ32XPT4,N/A,$13.56
milano cookies,B0BPW9ZS31,N/A,$16.41
milano cookies,B0DXPYGMMR,N/A,$25.99
vegan shin ramen,B0CW218DBF,N/A,$20.00
vegan shin ramen,B08Q5M4NP1,N/A,$9.98
vegan shin ramen,B0C55PGRPZ,N/A,$7.98
vegan shin ramen,B06XW2FLDT,N/A,$13.95
vegan shin ramen,B00VN76FB2,N/A,$9.98
vegan shin ramen,B017IRZLWY,N/A,$8.52
vegan shin ramen,B00778B90S,N/A,$25.62
vegan shin ramen,B095FZNBKG,N/A,$13.95
vegan shin ramen,B0DQWSVPDP,N/A,$7.98
vegan shin ramen,B00BEIKRBY,N/A,$12.48
ritz cheese bites,B07K137J7J,N/A,$22.68
ritz cheese bites,B07TN3C2HD,N/A,$19.92
ritz cheese bites,B07TKYQJ2B,N/A,$19.99
ritz cheese bites,B0DKGG4ZG2,N/A,$22.86
ritz cheese bites,B08TRDRKZP,N/A,$9.86
ritz cheese bites,B00E8K60UC,N/A,$19.66
ritz cheese bites,B0CJ1Z9VCB,N/A,$7.98
ritz cheese bites,B00G4U6XZQ,N/A,$3.88
ritz cheese bites,B0FC4ZQH4S,N/A,$25.99
ritz cheese bites,B01BXU1RV6,N/A,$9.86
chips ahoy mini,B0BC2Q97K8,N/A,$9.86
chips ahoy mini,B08VXYSCXY,N/A,$21.94
chips ahoy mini,B00SRT1XRK,N/A,$16.49
chips ahoy mini,B0DGVY4FYT,N/A,$5.97
chips ahoy mini,B0DKGFLV5C,N/A,$23.17
chips ahoy mini,B06XKHNCZW,N/A,$12.97
chips ahoy mini,B0CGKHS2G3,N/A,$26.99
chips ahoy mini,B01BXU1RV6,N/A,$9.86
chips ahoy mini,B009P7XXY4,N/A,$1.67
chips ahoy mini,B0F9NBP6ZT,N/A,$11.94
hawaiian chips,B0F19DV31J,N/A,$54.88
hawaiian chips,B0CYNWY1S2,N/A,$47.99
hawaiian chips,B08VXYSCXY,N/A,$21.94
hawaiian chips,B0DLJWPBN7,N/A,$16.15
hawaiian chips,B079LHQDNF,N/A,$23.75
hawaiian chips,B07C78V1BG,N/A,$5.49
hawaiian chips,B0785RNKZS,N/A,$13.98
hawaiian chips,B08VXYSCXY,N/A,$21.94
hawaiian chips,B08VY7RT8R,N/A,$18.82
hawaiian chips,B000Y2WPKC,N/A,$17.76
oreos,B01EAG3VZA,N/A,$25.99
oreos,B0872ZMXBG,N/A,$26.52
oreos,B07G4ZG3GR,N/A,$16.12
oreos,B071XHP12B,N/A,$12.97
oreos,B01EAG3VZA,N/A,$25.99
oreos,B071LT3L25,N/A,$15.67
oreos,B0757Y9V47,N/A,$18.48
oreos,B01N531XR0,N/A,$18.99
oreos,B08D7JM1X2,N/A,$22.43
oreos,B0BC2JMYHS,N/A,$9.86
ruffles chips,B08VXYSCXY,N/A,$21.94
ruffles chips,B08VY7RT8R,N/A,$18.82
ruffles chips,B09LRFWV7N,N/A,$13.98
ruffles chips,B000Y2WPKC,N/A,$17.76
ruffles chips,B07DQ9852M,N/A,$22.43
ruffles chips,B074N8ZYLX,N/A,$15.18
ruffles chips,B08M2W3HSJ,N/A,$4.99
ruffles chips,B0785RNKZS,N/A,$13.98
ruffles chips,B0785P5MP5,N/A,$9.89
ruffles chips,B08VXYSCXY,N/A,$21.94
yoggies yoghurt covered berries,B0DPLFBVMW,N/A,$45.49
yoggies yoghurt covered berries,B0DVHYVND8,N/A,$22.99
yoggies yoghurt covered berries,B0DB6GR5ZC,N/A,$36.51
yoggies yoghurt covered berries,B0CG5DDJYR,N/A,$24.59
yoggies yoghurt covered berries,B0DVJ5WSHZ,N/A,$23.99
yoggies yoghurt covered berries,B0DPLDXMJL,N/A,$29.78
yoggies yoghurt covered berries,B0DW6N7MX7,N/A,$3.57
yoggies yoghurt covered berries,B098881BBG,N/A,$6.99
yoggies yoghurt covered berries,B0FHX2F97C,N/A,$23.00
yoggies yoghurt covered berries,B0FDHTKKXN,N/A,$18.98
top ramen cup noodles,B0DPLDNS42,N/A,$23.99
top ramen cup noodles,B09SBS5K3Z,N/A,$22.99
top ramen cup noodles,B08BW7Z3NN,N/A,$20.99
top ramen cup noodles,B00MIK4GCS,N/A,$4.68
top ramen cup noodles,B07VTK9WNT,N/A,$5.94
top ramen cup noodles,B07222R3Y5,N/A,$11.95
top ramen cup noodles,B08BW7Z3NN,N/A,$20.99
top ramen cup noodles,B09SBS5K3Z,N/A,$22.99
top ramen cup noodles,B08HSMYHLN,N/A,$23.52
top ramen cup noodles,B07FY25H5P,N/A,$22.00
chips ahoy ,B0BC2Q97K8,N/A,$9.86
chips ahoy ,B08VXYSCXY,N/A,$21.94
chips ahoy ,B0C7FTBTWL,N/A,$21.49
chips ahoy ,B0DV7ZHHTS,N/A,$5.53
chips ahoy ,B0DGVY4FYT,N/A,$5.97
chips ahoy ,B0BC2Q97K8,N/A,$9.86
chips ahoy ,B01EAG3VZA,N/A,$25.99
chips ahoy ,B076DJ7ZZV,N/A,$22.43
chips ahoy ,B08L4RBHHH,N/A,$25.99
chips ahoy ,B01GQ5GQEG,N/A,$12.86
lays chips,B08VXYSCXY,N/A,$21.94
lays chips,B01EAG3VZA,N/A,$25.99
lays chips,B076H6F974,N/A,$22.49
lays chips,B076DJ7ZZV,N/A,$22.43
lays chips,B07179XBP9,N/A,$15.67
lays chips,B073S4TP58,N/A,$15.67
lays chips,B076H2J9TZ,N/A,$23.79
lays chips,B08VXYSCXY,N/A,$21.94
lays chips,B0785RNKZS,N/A,$13.98
lays chips,B078D7MGY5,N/A,$13.98
kettle chips,B08VXYSCXY,N/A,$21.94
kettle chips,B08VY7RT8R,N/A,$18.82
kettle chips,B09LRFWV7N,N/A,$13.98
kettle chips,B00C3YADSK,N/A,$17.76
kettle chips,B0761YSFL9,N/A,$21.00
kettle chips,B076DJ7ZZV,N/A,$22.43
kettle chips,B074N9Y8P9,N/A,$18.99
kettle chips,B08VXYSCXY,N/A,$21.94
kettle chips,B0785RNKZS,N/A,$13.98
kettle chips,B000Y2WPKC,N/A,$17.76
fritos chips,B08VY7RT8R,N/A,$18.82
fritos chips,B08VXYSCXY,N/A,$21.94
fritos chips,B09LRFWV7N,N/A,$13.98
fritos chips,B000Y2WPKC,N/A,$17.76
fritos chips,B071J7HQM2,N/A,$20.13
fritos chips,B076H2J9TZ,N/A,$23.79
fritos chips,B073S4TP58,N/A,$15.67
fritos chips,B095FGWDVT,N/A,$23.49
fritos chips,B07PRYQHDF,N/A,$19.51
fritos chips,B07DQ9852M,N/A,$22.43
pringles mini cups,B08VY7RT8R,N/A,$18.82
pringles mini cups,B08VXYSCXY,N/A,$21.94
pringles mini cups,B00C3YADSK,N/A,$17.76
pringles mini cups,B00C3YAF7O,N/A,$12.09
pringles mini cups,B0785RNKZS,N/A,$13.98
pringles mini cups,B08VXYSCXY,N/A,$21.94
pringles mini cups,B0785P5MP5,N/A,$9.89
pringles mini cups,B08VY7RT8R,N/A,$18.82
pringles mini cups,B00C3YADSK,N/A,$17.76
pringles mini cups,B08VXYSCXY,N/A,$21.94
haribo gummies,B0F4DRRDXN,N/A,$19.82
haribo gummies,B0DNGD48FK,N/A,$20.99
haribo gummies,B0F31RLRVX,N/A,$6.97
haribo gummies,B0F4DRRDXN,N/A,$19.82
haribo gummies,B0BMGXK1DY,N/A,$15.99
haribo gummies,B0F7J2WQ39,N/A,$34.95
haribo gummies,B07TRNR58Z,N/A,$21.78
haribo gummies,B0DW4HLFR6,N/A,$9.97
haribo gummies,B00NAN6W4M,N/A,$9.99
haribo gummies,B0D386L97D,N/A,$30.99
utz variety snack pack,B093HLG3PR,N/A,$79.95
utz variety snack pack,B0BV4GRRCS,N/A,$69.95
utz variety snack pack,B07RPCSP9L,N/A,$19.99
utz variety snack pack,B0F8LS6XWN,N/A,$23.99
utz variety snack pack,B00FLJYPF6,N/A,$14.38
utz variety snack pack,B0DCZR623C,N/A,$16.87
utz variety snack pack,B09NX7JK34,N/A,$12.72
utz variety snack pack,B08PH7466T,N/A,$21.98
utz variety snack pack,B0785P5MP5,N/A,$9.89
utz variety snack pack,B09LRFWV7N,N/A,$13.98
chips ahoy,B0BC2Q97K8,N/A,$9.86
chips ahoy,B0C7FTBTWL,N/A,$21.49
chips ahoy,B0DV7ZHHTS,N/A,$5.53
chips ahoy,B0DGVY4FYT,N/A,$5.97
chips ahoy,B07S1KQZ69,N/A,$5.98
chips ahoy,B0D7NRNT37,N/A,$13.89
chips ahoy,B00SRT1XRK,N/A,$16.49
chips ahoy,B08LGMVQX7,N/A,$5.69
chips ahoy,B0872ZMXBG,N/A,$26.52
chips ahoy,B0D5P8294W,N/A,$12.58
slim jims,B071G6PFDR,N/A,$11.16
slim jims,B0D184JFK6,N/A,$28.99
slim jims,B010ZC4RHE,N/A,$6.73
slim jims,B07D3NS8NW,N/A,$23.99
slim jims,B00HDC09OA,N/A,$24.39
slim jims,B098ZF25MK,N/A,$6.73
slim jims,B0714QDWJW,N/A,$4.12
slim jims,B0BPWDXQ3Y,N/A,$33.48
slim jims,B07KSR4KQ8,N/A,$4.12
slim jims,B07KDVZMNF,N/A,$41.90
assorted chips,B08VXYSCXY,N/A,$21.94
assorted chips,B09LRFWV7N,N/A,$13.98
assorted chips,B08VY7RT8R,N/A,$18.82
assorted chips,B000Y2WPKC,N/A,$17.76
assorted chips,B07179XBP9,N/A,$15.67
assorted chips,B076H2J9TZ,N/A,$23.79
assorted chips,B07DQ9852M,N/A,$22.43
assorted chips,B08VXYSCXY,N/A,$21.94
assorted chips,B0785RNKZS,N/A,$13.98
assorted chips,B0785P5MP5,N/A,$9.89
black forest gummy bears,B0D5D9BLMV,N/A,$29.99
black forest gummy bears,B0CRFV5LZ8,N/A,$7.49
black forest gummy bears,B01IR6ITXS,N/A,$29.10
black forest gummy bears,B08P4N354C,N/A,$34.99
black forest gummy bears,B0CRG3GH64,N/A,$7.49
black forest gummy bears,B0F22CSDHP,N/A,$16.67
black forest gummy bears,B001EPQW0C,N/A,$31.95
black forest gummy bears,B0CQN8QWGX,N/A,$19.29
black forest gummy bears,B0CT1SZ6ZL,N/A,$22.26
black forest gummy bears,B0CQN3Z7D3,N/A,$4.29
pistachios,B077G7Z1F8,N/A,$22.99
pistachios,B0FD41VK5W,N/A,$24.99
pistachios,B08HTF51KP,N/A,$6.12
pistachios,B002UVNF18,N/A,$39.99
pistachios,B07TCW23N9,N/A,$12.71
pistachios,B0CNTYQVCV,N/A,$25.32
pistachios,B004HZFASG,N/A,$15.98
pistachios,B08L4RBHHH,N/A,$25.99
pistachios,B01N531XR0,N/A,$18.99
pistachios,B076H6F974,N/A,$22.49
almond and chocolate biscotti,B07YCYMKWG,N/A,$14.98
almond and chocolate biscotti,B0774SWZDB,N/A,$20.00
almond and chocolate biscotti,B06XFPTB7Q,N/A,$22.73
almond and chocolate biscotti,B005Q8C2WK,N/A,$18.80
almond and chocolate biscotti,B07YCYMKWG,N/A,$14.98
almond and chocolate biscotti,B08SHD84Z1,N/A,$27.99
almond and chocolate biscotti,B07CT1K3L8,N/A,$22.86
almond and chocolate biscotti,B09LFHBMT7,N/A,$9.99
almond and chocolate biscotti,B09LF66VXD,N/A,$9.99
almond and chocolate biscotti,B07NPZKHYS,N/A,$21.99
ritz peanut butter bites,B00R7BUI3Y,N/A,$15.87
ritz peanut butter bites,B08TRDRKZP,N/A,$9.86
ritz peanut butter bites,B0075OLAAI,N/A,$6.99
ritz peanut butter bites,B0CJ1Z9VCB,N/A,$7.98
ritz peanut butter bites,B00J6DD70W,N/A,$18.95
ritz peanut butter bites,B07K137J7J,N/A,$22.68
ritz peanut butter bites,B00GHTGGQA,N/A,$79.99
ritz peanut butter bites,B01M7PPT1Z,N/A,$7.43
ritz peanut butter bites,B01BXU1RV6,N/A,$9.86
ritz peanut butter bites,B00G4U6XZQ,N/A,$3.88
